index	id	title	ref_count	references
0	bestiaire-v15-civil-ordinaire	Civil ordinaire	0	
1	bestiaire-v15-vigile-videur	Vigile / videur	0	
2	bestiaire-v15-ganger-arme	Ganger armé	0	
3	bestiaire-v15-chef-de-bande	Chef de bande	0	
4	bestiaire-v15-secouriste-flashmergencies	Secouriste Flashmergencies	0	
5	bestiaire-v15-pompier-technicien-d-intervention	Pompier / technicien d’intervention	0	
6	bestiaire-v15-soldato	Soldato	0	
7	bestiaire-v15-tueur-a-gages	Tueur à gages	0	
8	bestiaire-v15-hacker-criminel	Hacker criminel	0	
9	bestiaire-v15-charcudoc	CharcuDoc	0	
10	bestiaire-v15-sicario-de-cartel	Sicario de cartel	0	
11	bestiaire-v15-enforcer-de-la-vladivostokskaia-bratva	Enforcer de la Vladivostokskaïa / Bratva	0	
12	bestiaire-v15-soldat-des-vingt-deux-dragons	Soldat des Vingt-deux Dragons	0	
13	bestiaire-v15-kobun-du-yamaguchi	Kobun du Yamaguchi	0	
14	bestiaire-v15-homme-de-main-oglaigh	Homme de main Oglaigh	0	
15	bestiaire-v15-agent-de-securite-corporatif	Agent de sécurité corporatif	0	
16	bestiaire-v15-armacorpo-d-intervention	ArmaCorpo d’intervention	0	
17	bestiaire-v15-cybercorpo-de-securite	CyberCorpo de sécurité	0	
18	bestiaire-v15-ushkoll-defender-lourd-gallowglass-ii-croaker	Ushkoll Defender lourd — Gallowglass II / Croaker	0	
19	bestiaire-v15-ushkoll-lander-lourd	Ushkoll Lander lourd	0	
20	bestiaire-v15-ushkoll-cyber	Ushkoll Cyber	0	
21	bestiaire-v15-careforce-operateur-d-extraction	CareForce — opérateur d’extraction	0	
22	bestiaire-v15-careforce-counter-death	CareForce — Counter-Death	0	
23	bestiaire-v15-ushkoll-seayer-d-abordage	Ushkoll Seayer d’abordage	0	
24	bestiaire-v15-ushkoll-skyer-d-assaut	Ushkoll Skyer d’assaut	0	
25	bestiaire-v15-garde-du-corps-corporatif-vip	Garde du corps corporatif VIP	0	
26	bestiaire-v15-equipe-de-confinement-biocorpo	Équipe de confinement Biocorpo	0	
27	bestiaire-v15-agent-d-asset-recovery-corporatif	Agent d’Asset Recovery corporatif	0	
28	bestiaire-v15-patrouilleur-laus	Patrouilleur LAUS	0	
29	bestiaire-v15-enqueteur-laus-cbii-local	Enquêteur LAUS / CBII local	0	
30	bestiaire-v15-unite-d-intervention-laus	Unité d’intervention LAUS	0	
31	bestiaire-v15-agent-operationnel-du-cbii	Agent opérationnel du CBII	0	
32	bestiaire-v15-agent-cpp-anti-contrebande	Agent CPP anti-contrebande	0	
33	bestiaire-v15-inspecteur-du-cbac	Inspecteur du CBAC	0	
34	bestiaire-v15-intervenant-stab	Intervenant STAB	0	
35	bestiaire-v15-agent-cchs-de-confinement	Agent CCHS de confinement	0	
36	bestiaire-v15-ranger-du-nrmd	Ranger du NRMD	0	
37	bestiaire-v15-inspecteur-csco-de-terrain	Inspecteur CSCO de terrain	0	
38	bestiaire-v15-soldat-californien	Soldat californien	0	
39	bestiaire-v15-operateur-des-forces-speciales	Opérateur des forces spéciales	0	
40	bestiaire-v15-deathrunner-merc	Deathrunner / Merc	0	
41	bestiaire-v15-neurodiver-crawler	Neurodiver Crawler	0	
42	bestiaire-v15-meditech-crawler	Meditech Crawler	0	
43	bestiaire-v15-gundriver	Gundriver	8	lore :: Points de rencontre — Partie 5 :: s à bouffer les Alphas et Meneurs d’autres factions quand ils les capturent et qu’ils ont fait du mal à leurs meutes. PDF p Gardiens Nom de la Réalité : Murton Keens Age : «45 ans », ???? PDF p Affiliations : Crawlers : gundrivers (hell angels) Nationalité d’origine : Américaine Ethnie réelle : Loups-garous Grand meneur : Thorrunn Pouvoir du sang : sang primal Statut : Meneur de clan Murton Keens est un biker et un criminel endurci. Enfant, il était moqué et malmené par un certain Jason qui lui rappelait qu’il était roux, moche, puant, sans âme et gros et qu’il n’avait même pas de père. Après le déménagement de New-York pour San Francisco, p || lore :: Cartel de Sinaloa :: nt pas moins qu’en 2035, ce sont les cartels qui ont le plus d’argent encore actuellement, bien que sur le long terme, ça ne durera pas longtemps. p Ajoutons que le cartel n’a pas la main sur les gangs de motards, les « Gundrivers » qui sont les crawlers dominant les routes et le transport, énormément de mafias négocient avec, n’ayant aucune forme de vassalité, les crawlers bossent pour les plus offrants mais ne trahissent pas une fois un contrat accepté, ce qui complique souvent les affaires du Sinaloa. p D’un point de vue général, Le « Sinaloa » a une domination presque naturelle sur les gangs mexicains, moins par patriotisme ou même par c || lore :: Crawlers — Organisation générale :: s qu’on peut leur confier. En revanches, ils sont soit très équipés soit très augmentés pour posséder leur matériel toujours avec eux, car sans matériel, un méditech est presque inutile. p Les « pilotes » sont appelés « Gundrivers », ils sont les crawlers les plus mobiles, ils sont tous véhiculés et vu la taille de la Californie ou simplement Los Angeles, ce n’est pas un luxe d’en avoir dans une équipe. Les Gundrivers sont des receleurs, des transporteurs, des bikers ou des pilotes de « Go fast », pour le compte des Cartels. Ce sont des crawlers qu’on charge de l’acheminement d’une marchandise ou parfois de l’interception de cette dernière.  || lore :: DeathRunners (chiens) — Informations :: négalée pour ceux dotés des bons logiciels et des bonnes augmentations neurales. C’est un crawler extrêmement furtif, il est souvent en trio neurodiver très sensitif pour lui envoyer toutes les données pour un tir et un gundriver pour les dégager en vitesse ou poursuivre la cible en cas de fuite. p Les « mercenaires » que sont les trois types de « Deathrunners » sont assez différents, mais ils ont tous pour point commun d’être adaptés pour tuer une cible ou du moins, exercer la violence plus que tous les autres crawlers. || lore :: DeathRunners (chiens) — Organisation :: percutantes. p Il n’est plus question d’enquête et de discussion, comme pour les fixers, de choses virtuelles et informatiques comme les neurodivers, pas plus qu’il n’est question de commerce et transport comme avec les gundrivers, ici, rien d’idéologique, ce ne sont pas des neopunks et ils ne comptent rien soigner ou réparer comme le feraient des meditech… p Le Deathrunner est là pour tuer comme son nom l’indique, il va tuer, capturer, tabasser, torturer, ou éventuellement intimider dans sa version la plus soft de ses activités. Ce n’est pas un gentil, ce n’est pas un tendre. p Selon les contrats, il dépendra de différentes organisations :  || lore :: Gangs — Crawlers criminels :: ps, afin de faire le même boulot, les deux gangs étant ennemis, c’est aux chefs locaux et à eux seuls de savoir si l’honneur du gang passe devant sa survie. p L’autre catégorie de Crawler est celle des « bikers », les « Gundrivers », des transporteurs bien armés et bien agressifs pouvant tout convoyer en sécurité à travers les routes désertes de l’état de Californie. Tout comme les gangs étendus, chaque club possède des chapitres, en général les clubs ont plutôt des animosités entre eux qu’entre chapitres d’un même club, mais rien n’est jamais sûr. p Pour la Pègre, les gangs sont des armes, on en change si elles ne sont pas fiables ou désuèt || lore :: Gundrivers (corneille) — Informations :: lore-crawlers-gundrivers-informations Gundrivers (corneille) — Informations Organisations source_detaillee all TUC_organisations_crawlers_V2.docx Crawlers informations-1 Informations p Les « charognards » sont des Crawlers qui s’occupent plutôt du commerce et encore plus du transport, on les surnomme « corneilles » car ils rôdent plutôt autour des villes que dedans et sont à l’affut de la moindre chose laissée. On surnomme cette catégorie  || lore :: Gundrivers (corneille) — Organisation :: lore-crawlers-gundrivers-organisation Gundrivers (corneille) — Organisation Organisations source_detaillee all TUC_organisations_crawlers_V2.docx Crawlers organisation-1 Organisation p Les gundrivers ont souvent p Selon les contrats, il dépendra de différentes organisations : p Le Big Black Market p Tous les crawlers n’ont pas leurs accès à ces BBM, les accès sont sécurisés, on parle de hangars immenses ou de portions entières de métro qui
44	bestiaire-v15-fixer-crawler	Fixer Crawler	0	
45	bestiaire-v15-recuperateur-salvager	Récupérateur / Salvager	0	
46	bestiaire-v15-courier-contrebandier-crawler	Courier / contrebandier Crawler	0	
47	bestiaire-v15-cultiste-arme	Cultiste armé	0	
48	bestiaire-v15-garde-fanatique	Garde fanatique	0	
49	bestiaire-v15-neocroise-de-l-auc	Néocroisé de l’AUC	0	
50	bestiaire-v15-neo-templier-de-l-auc	Néo-Templier de l’AUC	0	
51	bestiaire-v15-myrophore-de-l-auc	Myrophore de l’AUC	0	
52	bestiaire-v15-garde-suisse-pontifical	Garde suisse pontifical	1	lore :: Chrétienté unifiée — AUC et ordres secrets :: ster, afin de prouver que cette armée populeuse n’est pas dangereuse. Au contraire, s’il y a des troupes que même Ushkoll aurait à craindre, c’est plutôt dans les gardes pontificales et cardinalices. En premier lieu, la garde Suisse pontificale a prodigieusement augmenté son entrainement, son équipement et parfait ses techniques avec les insurrections européennes, son budget étant prioritaire sur l’AUC et les autres gardes, ils sont mieux équipés que la majorité des corporations de sécurité, les officiers ont tous du Sehdiacraft sur mesure. La garde écossaise n’est pas en reste, si elle ne sert plus la royauté britannique, qui n’existe plus, elle sert la 
53	bestiaire-v15-garde-ecossais-de-la-couronne-pontificale	Garde écossais de la couronne pontificale	0	
54	bestiaire-v15-garde-cardinalice	Garde cardinalice	0	
55	bestiaire-v15-partisan-du-djyhad	Partisan du Djyhad	0	
56	bestiaire-v15-defenseur-du-grand-architecte	Défenseur du Grand Architecte	0	
57	bestiaire-v15-volontaire-de-protection-confessionnelle	Volontaire de protection confessionnelle	0	
58	bestiaire-v15-secouriste-logisticien-confessionnel	Secouriste / logisticien confessionnel	0	
59	bestiaire-v15-courtier-shaediri	Courtier Shaediri	0	
60	bestiaire-v15-garde-de-marche-shaediri	Garde de marché Shaediri	0	
61	bestiaire-v15-technicien-recuperateur-shaediri	Technicien-récupérateur Shaediri	0	
62	bestiaire-v15-extracteur-shaediri	Extracteur Shaediri	0	
63	bestiaire-v15-intermediaire-feeshri	Intermédiaire Feeshri	0	
64	bestiaire-v15-garde-feeshri-au-n-ud-bleu	Garde Feeshri au Nœud bleu	0	
65	bestiaire-v15-operateur-thalsios	Opérateur Thalsios	0	
66	bestiaire-v15-garde-de-communaute-thalsios	Garde de communauté Thalsios	0	
67	bestiaire-v15-marine-thalsios-hydro-atomus	Marine Thalsios Hydro-Atomus	0	
68	bestiaire-v15-pisteur-mo-sen	Pisteur Mo’sen	0	
69	bestiaire-v15-mercenaire-mo-sen-trius	Mercenaire Mo’sen Trius	0	
70	bestiaire-v15-chasseur-de-prime-mo-sen	Chasseur de prime Mo’sen	0	
71	bestiaire-v15-sniper-serys	Sniper Sérys	0	
72	bestiaire-v15-saboteur-serys	Saboteur Sérys	0	
73	bestiaire-v15-mercenaire-ad-rak	Mercenaire Ad’rak	0	
74	bestiaire-v15-veteran-lourd-ad-rak	Vétéran lourd Ad’rak	0	
75	bestiaire-v15-drone-de-reconnaissance-aidh-ancien	Drone de reconnaissance AIDH ancien	0	
76	bestiaire-v15-drone-de-combat-aidh-declassifie	Drone de combat AIDH déclassifié	0	
77	bestiaire-v15-drone-de-breche-aidh-ancien	Drone de brèche AIDH ancien	0	
78	bestiaire-v15-drone-de-confinement-aidh-ancien	Drone de confinement AIDH ancien	0	
79	bestiaire-v15-automate-de-recuperation-g-corporation	Automate de récupération G-corporation	0	
80	bestiaire-v15-sentinelle-biometrique-g-corporation	Sentinelle biométrique G-corporation	0	
81	bestiaire-v15-gardien-de-silcenter	Gardien de Silcenter	0	
82	bestiaire-v15-praticien-hds-de-l-union-elfique	Praticien HDS de l’Union Elfique	0	
83	bestiaire-v15-eclaireur-du-faucon-de-malachite	Éclaireur du Faucon de Malachite	0	
84	bestiaire-v15-thaumamedecin-du-serpentaire-de-citrine	Thaumamédecin du Serpentaire de Citrine	0	
85	bestiaire-v15-exorciste-de-l-aigle-de-larvikite	Exorciste de l’Aigle de Larvikite	0	
86	bestiaire-v15-veilleur-du-hibou-d-onyx	Veilleur du Hibou d’Onyx	0	
87	bestiaire-v15-runiste-whurten	Runiste whurten	0	
88	bestiaire-v15-garde-de-jade	Garde de Jade	0	
89	bestiaire-v15-contrebandier-ashyll-du-syndicat-de-jade	Contrebandier ashyll du Syndicat de Jade	0	
90	bestiaire-v15-guerrier-de-la-horde-divine	Guerrier de la Horde Divine	0	
91	bestiaire-v15-sapeur-de-la-horde-des-cendres	Sapeur de la Horde des Cendres	0	
92	bestiaire-v15-technomage-azmenorien-servant-de-pluton	Technomage azménorien — Servant de Pluton	0	
93	bestiaire-v15-krovni-rytsari-chevalier-ecarlate	Krovni Rytsari — Chevalier écarlate	0	
94	bestiaire-v15-alghul-almalakiu-thanatologue-traqueur	Alghul Almalakiu — Thanatologue traqueur	0	
95	bestiaire-v15-oru-ayeraye-infiltrateur-masque	Oru Ayeraye — Infiltrateur masqué	0	
96	bestiaire-v15-ihuito-meztzi-duelliste-orageux	Ihuito Meztzi — Duelliste orageux	0	
97	bestiaire-v15-shi-hun-zhe-revelateur-de-l-equilibre	Shi Hun Zhe — Révélateur de l’Équilibre	0	
98	bestiaire-v15-gardien-du-pelage-gris	Gardien du Pelage Gris	0	
99	bestiaire-v15-chasseur-territorial-du-pelage-noir	Chasseur territorial du Pelage Noir	0	
100	bestiaire-v15-ulfhednar-du-pelage-blanc	Ulfhednar du Pelage Blanc	0	
101	bestiaire-v15-lame-vive-du-pelage-roux	Lame vive du Pelage Roux	0	
102	bestiaire-v15-mediateur-du-pelage-brun	Médiateur du Pelage Brun	0	
103	bestiaire-v15-devoreur-de-traces-du-pelage-dore	Dévoreur de Traces du Pelage Doré	0	
104	bestiaire-v15-grand-felin-tigre-de-l-angle-mort	Grand Félin — Tigre de l’angle mort	0	
105	bestiaire-v15-serpent-khinae-vipere-hemotoxique	Serpent Khinae — Vipère hémotoxique	0	
106	bestiaire-v15-renard-khinae-libre-faussaire-de-pistes	Renard Khinae libre — Faussaire de pistes	0	
107	bestiaire-v15-requin-khinae-predateur-des-courants	Requin Khinae — Prédateur des courants	0	
108	bestiaire-v15-bouda-chasseur-de-bande	Bouda — Chasseur de Bande	0	
109	bestiaire-v15-berserkir-homme-ours	Berserkir — Homme-Ours	0	
110	bestiaire-v15-crocodilien-khinae-fossile-d-embuscade	Crocodilien Khinae — Fossile d’embuscade	0	
111	bestiaire-v15-rapace-khinae-faucon-des-hauteurs	Rapace Khinae — Faucon des hauteurs	0	
112	bestiaire-v15-chat-khinae-intermediaire-entre-les-monstres	Chat Khinae — Intermédiaire entre les monstres	0	
113	bestiaire-v15-mage-kaharal-architetramancien-de-combat	Mage Kaharal — Architétramancien de combat	0	
114	bestiaire-v15-mage-meldir-scelleur-thaumamedecin	Mage Meldir — Scelleur thaumamédecin	0	
115	bestiaire-v15-mage-elinaeth-telekinete-divinatoire	Mage Elinaeth — Télékinète divinatoire	0	
116	bestiaire-v15-mage-mestherak-spectromancien-hematique	Mage Mestherak — Spectromancien hématique	0	
117	bestiaire-v15-mage-discella-illusionniste-skiamant	Mage Discella — Illusionniste skiamant	0	
118	bestiaire-v15-oracle-de-mephisto-tentateur-du-hasard	Oracle de Méphisto — Tentateur du Hasard	0	
119	bestiaire-v15-tourmenteur-de-satan-juge-des-fautes	Tourmenteur de Satan — Juge des fautes	0	
120	bestiaire-v15-legionnaire-de-baal-chevalier-de-guerre	Légionnaire de Baal — Chevalier de guerre	0	
121	bestiaire-v15-porte-aube-de-lucifer	Porte-aube de Lucifer	0	
122	bestiaire-v15-trone-d-arathim-enqueteur-de-la-loi	Trône d’Arathim — Enquêteur de la Loi	0	
123	bestiaire-v15-vertu-de-hazel-purificatrice-des-larmes	Vertu de Hazel — Purificatrice des Larmes	0	
124	bestiaire-v15-domination-de-graphiel-executeur	Domination de Graphiel — Exécuteur	0	
125	bestiaire-v15-aralim-de-metatron-architecte-renegat	Aralim de Metatron — Architecte renégat	0	
126	bestiaire-v15-sentinelle-d-erith	Sentinelle d’Erith	0	
127	bestiaire-v15-theanai-medecin-de-verite	Theanai — Médecin de Vérité	0	
128	bestiaire-v15-maitre-de-dratyn-foudre-originelle	Maître de Dratyn — Foudre originelle	0	
129	bestiaire-v15-gardien-du-conseil-de-la-foudre	Gardien du Conseil de la Foudre	0	
130	bestiaire-v15-voyageur-seratheen-de-sundosia	Voyageur serathéen de Sundosia	0	
131	bestiaire-v15-spectre-commun	Spectre commun	0	
132	bestiaire-v15-dame-blanche	Dame blanche	0	
133	bestiaire-v15-sluagh	Sluagh	1	lore :: Autres créatures :: s souvent assez peu de capacités d’action sur le monde des mortels ils s’acharnent à communiquer et essayer de voler des corps ou de l’énergie aux mortels. On trouve parmi eux « les spectres », « les dames blanches », « sluaghs », « lémures » ou bien encore les « Skinwalkers » pour ne citer que ceux-ci. Ils sont très généralement mal intentionnés et la force physique qu’ils n’ont pas est compensée par leur intelligence malsaine. p Les « immortels » p Il s’agit de créatures qui ont perdu la vie, sans parvenir à mourir, qui possède leur corps et leur âme mais ne sont plus de la même nature que leur espèce d’origine. Certains chasseurs class
134	bestiaire-v15-lemure	Lémure	1	lore :: Autres créatures :: ez peu de capacités d’action sur le monde des mortels ils s’acharnent à communiquer et essayer de voler des corps ou de l’énergie aux mortels. On trouve parmi eux « les spectres », « les dames blanches », « sluaghs », « lémures » ou bien encore les « Skinwalkers » pour ne citer que ceux-ci. Ils sont très généralement mal intentionnés et la force physique qu’ils n’ont pas est compensée par leur intelligence malsaine. p Les « immortels » p Il s’agit de créatures qui ont perdu la vie, sans parvenir à mourir, qui possède leur corps et leur âme mais ne sont plus de la même nature que leur espèce d’origine. Certains chasseurs classent les « Vam
135	bestiaire-v15-skinwalker	Skinwalker	1	lore :: Autres créatures :: r le monde des mortels ils s’acharnent à communiquer et essayer de voler des corps ou de l’énergie aux mortels. On trouve parmi eux « les spectres », « les dames blanches », « sluaghs », « lémures » ou bien encore les « Skinwalkers » pour ne citer que ceux-ci. Ils sont très généralement mal intentionnés et la force physique qu’ils n’ont pas est compensée par leur intelligence malsaine. p Les « immortels » p Il s’agit de créatures qui ont perdu la vie, sans parvenir à mourir, qui possède leur corps et leur âme mais ne sont plus de la même nature que leur espèce d’origine. Certains chasseurs classent les « Vampires » dans les « Immortels », mai
136	bestiaire-v15-vetala	Vetâla	1	pnj :: Svetalana KONSTANTINOVNA :: pnj-160-svetalana-konstantinovna Svetalana KONSTANTINOVNA Personnages TUC_Vérité_ les espèces surnaturelles.docx source_detaillee « Religieux » Angelus « Mashia'h » Angelus «38 ans » - Russe « Religieux » « Religieux » Angelus detailed « Religieux » pnj-160-s1 Dossier p Nom de la Réalité : Svetalana KONSTANTINOVNA Nom de la Vérité : « Mashia'h » Age : «38 ans » - Affiliations : « Religieux » Nationalité d’origine : Russe Ethnie rée
137	bestiaire-v15-holowraith-frag	Holowraith / Frag	0	
138	bestiaire-v15-pat	PAT	0	
139	bestiaire-v15-la-llorona	La Llorona	0	
140	bestiaire-v15-churel-chudail	Churel / Chudail	0	
141	bestiaire-v15-yurei	Yūrei	0	
142	bestiaire-v15-rusalka	Rusalka	0	
143	bestiaire-v15-duppy	Duppy	0	
144	bestiaire-v15-pocong	Pocong	0	
145	bestiaire-v15-squelette-anime	Squelette animé	0	
146	bestiaire-v15-zombie	Zombie	5	lore :: Autres créatures :: s ou des mécanismes magiques, comme ils sont vides, ils s’attaquent souvent aux vivants pour « compléter » ce vide, même s’ils n’ont généralement aucun moyen de retrouver une âme. Parmi les « cadavres », on trouve les « zombies », « les squelettes », les « strigoï », les « Wendigos », les « momies » et bien d’autres. p Les « fantômes » p Il s’agit de revenants immatériels, à l’opposés des « cadavres », il s’agit d’âmes privées de leurs corps, avec le plus souvent assez peu de capacités d’action sur le monde des mortels ils s’acharnent à communiquer et essayer de voler des corps ou de l’énergie aux mortels. On trouve parmi eux « les spectr || lore :: Daemons :: ssement, la Mort mais aussi la fin des souffrances. p Pouvoir offert : Les démons de Mammon ne peuvent pas mourir si leur Dieu ne leur accorde pas. (ils subissent néanmoins les dommages et finissent par ressembler à des zombies ou des squelettes) p Méphisto p Dieu de la magie, des chants, de la parole, de la chance, des illusions, de l’occulte et des sciences. Il incarne les pouvoirs et l’invisible les étrangers et les mots mais également le mensonge et les illusions. Il est nommé « Loki », « Brahma », « Ahriman » ou bien encore « Hécate » à travers les civilisations. Il est une figure de la duperie et du mensonge mais également des maléd || lore :: Vérité les chasseurs — Le chevalier :: 2 ans » - ??? Affiliations : « Chasseurs » et « Deathrunner » Nationalité d’origine : Maltaise Ethnie réelle : humaine Normal p Personnages liés : Normal p ? List Paragraph p ? List Paragraph le-baron Le baron p Roi des zombies Subtitle lhomoncule L’homoncule p L’ange déchu Subtitle || lore :: 1.11. Black Star :: on. -point vérité - Les factions extrales savent que c’est Alicie Starrogue une ancienne très haute gradée de l’AIDH qui fut tuée et ramenée à la vie par les ombres wolféennes. La black star est uniquement composée de « zombies de l’AIDH » ou d’humains terriens très compétents, chaque attaque effectuée vise à abattre un corps pour le faire être possédé, les gens autour sont seulement des dommages collatéraux ou des diversions. Il n’y a pas tant d’intervention qu’on ne l’imagine de fait, quoi qu’Alicia s’attaque aussi aux fanatiques de V’aagor, puisqu’elle est elle-même un fléau ancien très puissant de même nature que le roi des fléaux. On || lore :: Autres factions extrales :: ont morts, résistant à la possession et leur corps décéda, mais, pour une poignée, quelque chose les garda en vie et, hélas, la possession fut permise. Alicia Starrogue , désormais possédée par le fléau créant ces technozombies, arriva sur Terre on ne sait comment, avec quelques soldats. Si elles font profile bas, ces « ombres wolféenne » reste dans des corps de soldats d’élite de l’AIDH et sont en elles-mêmes des créatures très dangereuses, puisqu’elles peuvent corrompre et altérer de leurs ombres n’importe quel véhicule, arme ou équipement. p • Le huitième empire p Ce sont les survivants Losus du huitième empire Losus. Les losus sont pa
147	bestiaire-v15-holombie	Holombie	0	
148	bestiaire-v15-strygoi	Strygoï	7	lore :: Mloxol v'aagor :: ompre ses victimes aisément pour en faire des cultistes le temps de s’en nourrir. p Un vampire « Oshirique » ne peut pas consommer son propre sang ou celui d’un autre vampire Oshirique, pas sans devenir possiblement une strygoï noire, une des pires abominations pouvant naitre des vampires, ne créature de deux à quatre mètres dégoulinant de ténèbres qui aspire les fluides vitaux de tout ce qui bouge tant qu’il faut nuit, s’enterre le jour et recommence dès la nuit tombée. histoire-10 Histoire p Sur Aèr, les confréries d’assassins sont nombreuses, particulièrement chez les elfes noirs.Forcément, les expatriés de ce peuple ont importé leurs f || lore :: Vampires :: rps du sang vigoureux et le remplace par leur sang corrompu. Là encore, rien n’est certain, la majorité du temps, le corps ne s’anime pas. Parfois il s’anime mais seul l’instinct subsiste, le vampire inférieur est nommé strygoï, une bête sauvage, à l’inverse parfois, la créature qui se relève est faible bien que parfaitement intelligente, elle n’est qu’un Moroï, un esclave insignifiant. Quand un vampire en relève un autre, souvent, c’est en réveillant l’héritage génétique de Khinae que le rituel force à s’activer. p Le vampire a les yeux luisants, il voit clairement dans l’obscurité mais la lueur de ses yeux lui sert à torturer ses proies, || lore :: Vhodhal’nact'ru ::  souvent, au mieux, que des chevaliers, très temporairement puisqu’on les élimine très vite, le plus souvent, la faction récupère ce qu’elle peut et a donc bien plus de Moroï que de vrais vampires. Elle a encore plus de strygoî néanmoins car certains vampires véritables en deviennent à cause de la « famine blanche », en régressant. p Il existe une reine, mais elle est endormie, pour être plus précis, Xinya MING, la reine de la faction « Shì hun zhe », a décapité la reine et gardé sa tête, «l’ Elfenbeinblut » conserve le corps inanimé en espérant un jour retrouver le crane pour la ramener à la vie. p Bien qu’ils ne craignent pas les mêmes c || lore :: Ihuito Meztzi — K’uhul Ajaw et Ah’kin :: ilitaristes ou religieuses, un K’uhul ajaw » est un seigneur vampire qui a la main sur une des armées de la factio Ihuito, un Ah’kin est un prêtre qui a une communauté religieuse. En outre, l’Ihuito a de très nombreuses strygoï noires (des formes encore plus corrompues que les strygoï classiques), mais aussi d’autres revenants, en effet, l’Ihuito est une faction majoritairement portée sur les pouvoirs et la pureté du sang, plutôt que favoriser des Dhampires ou des Moroï (souvent purgés), ces vampires préfèrent asseoir leur maison sur des armées de morts-vivants exsangues mais aussi de Deimons ou de voyageurs corrompus. p Presque tous les K || lore :: Krovni Rytsari — maisons et système quinaire :: re possède une allégence à une maison princière, de la cour. Les mariages arrangés dans la krovni sont légion. Tous les membres de la krovni sont nobles, il n’y a pas de « roturiers » de la Krovni, ce sont les Moroïs et Strygoï qui servent cette place dans la société vampirique de la krovni. Tous étant noble, rattachée à une maison princière, même le plus pauvre des vampires est donc détenteur d’un certain pouvoir politique. p Comme énoncé, la fertilité des vampires est affreusement basse, quand un membre est tué, ne pouvant mourir de vieillesse, s’il n’a pas de descendant clairement nommé héritier, s’en suit un vote de ses vassaux directs || lore :: Les Cours vampiriques :: is ce n’est pas qu’un vampire corrompt un humain, c’est plutôt qu’un vampire corrompt l’héritage Khinae chez un humain le possédant. Un humain ne possédant pas cet héritage sera tué, son cadavre se relèvera néanmoins en strygoï généralement, parfois en Moroï. Ces créatures sont des revenants, des sous-vampires cadavériques qui possèdent soit la force physique d’un vampire pour les premières soit ses pouvoirs pour les seconds. p les Ombres, les garous, les atlantes, mages et autres, aucune créature la Terre n’a jamais été leur allié, bien au contraire, et maintenir un héritage culturel quand on subit génocide sur génocide n’est pas aisé. Po || lore :: Oru Ayeraye — histoire de la Cour des ténèbres :: ayinka, une jeune prêtresse des ténèbres, récolta en urgence le fluide au sol et le jeta dans un puit, de ce puit, chaque nuit, suintait de l’essence de N’sa’Aagor, elle y jeta des animaux et des Moroï, tous devenant de strygoï noires. Olayinka commença à boire elle-même la substance. Ainsi naquit le culte de la « Fontaine des Ténèbres », le culte vampirique le plus redoutable. p Elle s’imposa comme archevêque de ce culte naissant et motiva le jeune roi à lever ses guerriers contre l’oppresseur, Oluwasegun, l’empereur des Vampires. Pendant des siècles, le culte et la résistance furent synonyme, secrets, mineurs, mais petit à petit, Olayink
149	bestiaire-v15-moroi	Moroï	8	lore :: Vampires ::  Parfois il s’anime mais seul l’instinct subsiste, le vampire inférieur est nommé strygoï, une bête sauvage, à l’inverse parfois, la créature qui se relève est faible bien que parfaitement intelligente, elle n’est qu’un Moroï, un esclave insignifiant. Quand un vampire en relève un autre, souvent, c’est en réveillant l’héritage génétique de Khinae que le rituel force à s’activer. p Le vampire a les yeux luisants, il voit clairement dans l’obscurité mais la lueur de ses yeux lui sert à torturer ses proies, pouvant donc choisir de les faire briller ou non sans conséquences sur sa vision. pouvoirs-de-base-2 Pouvoirs de base p Les vampires so || lore :: Vhodhal’nact'ru :: duc, elle n’a pas vraiment de barons même, elle n’a souvent, au mieux, que des chevaliers, très temporairement puisqu’on les élimine très vite, le plus souvent, la faction récupère ce qu’elle peut et a donc bien plus de Moroï que de vrais vampires. Elle a encore plus de strygoî néanmoins car certains vampires véritables en deviennent à cause de la « famine blanche », en régressant. p Il existe une reine, mais elle est endormie, pour être plus précis, Xinya MING, la reine de la faction « Shì hun zhe », a décapité la reine et gardé sa tête, «l’ Elfenbeinblut » conserve le corps inanimé en espérant un jour retrouver le crane pour la ramener || lore :: Alghul Almalakiu — histoire et culture ::  de pouvoirs. p Comme chez les autres vampires, la fertilité est basse alors on favorise la transformation, comme le lignage n’importe pas une seconde dans l’Alghul, il n’y a presque jamais de naissance de sang pur. Les Moroïs, ces sous-vampires intelligents, ont une place plus élevée que chez les autres factions également, fortement enchantés et ensorcelés par leurs maitres, ils voient leur durée de vie augmenter et parfois ils vivent tant que leurs créateurs existent. Les Moroï de l’alghul sont les plus puissants de toutes les cours, puisqu’ils égale au minimum les jeunes vampires d’autres factions. L’alghul est uen faction qui, par pr || lore :: Alghul Almalakiu — Vizirs, Masques et degrés :: passé. p Chaque vizir mène un ministère et la cour de l’Alghul sert donc à organiser la vie des membres « Innocents », c’est à dires ceux ayant peu de connaissance, généralement les vampires de moins de 5 siècles et les Moroïs. Il y a quatre niveau de conscience : p - L’innocence - L’intuition - La connaissance - La Transcendance p Chaque niveau désigne un rang chez les vampires dans l’Alghul, le dernier étant celui des Vizirs et de la reine. p L’alghul utilise des momies, des revenants, pour protéger les cryptes profondes à la place de « Veilleurs », car il serait inenvisageable de sacrifier un ancien vampire à une telle tâche. Les memb || lore :: Ihuito Meztzi — K’uhul Ajaw et Ah’kin :: core plus corrompues que les strygoï classiques), mais aussi d’autres revenants, en effet, l’Ihuito est une faction majoritairement portée sur les pouvoirs et la pureté du sang, plutôt que favoriser des Dhampires ou des Moroï (souvent purgés), ces vampires préfèrent asseoir leur maison sur des armées de morts-vivants exsangues mais aussi de Deimons ou de voyageurs corrompus. p Presque tous les K’uhul Ajaw ont un Hellghest comme monture par exemple et une momie gardant leur maison. Une momie n’est pas un serviteur faible, loin de là, c’est un mort-vivant scrupuleusement pétri de magie par des rituels funéraires complexes visant à en prése || lore :: Krovni Rytsari — maisons et système quinaire :: aque vampire possède une allégence à une maison princière, de la cour. Les mariages arrangés dans la krovni sont légion. Tous les membres de la krovni sont nobles, il n’y a pas de « roturiers » de la Krovni, ce sont les Moroïs et Strygoï qui servent cette place dans la société vampirique de la krovni. Tous étant noble, rattachée à une maison princière, même le plus pauvre des vampires est donc détenteur d’un certain pouvoir politique. p Comme énoncé, la fertilité des vampires est affreusement basse, quand un membre est tué, ne pouvant mourir de vieillesse, s’il n’a pas de descendant clairement nommé héritier, s’en suit un vote de ses vas || lore :: Les Cours vampiriques :: rompt un humain, c’est plutôt qu’un vampire corrompt l’héritage Khinae chez un humain le possédant. Un humain ne possédant pas cet héritage sera tué, son cadavre se relèvera néanmoins en strygoï généralement, parfois en Moroï. Ces créatures sont des revenants, des sous-vampires cadavériques qui possèdent soit la force physique d’un vampire pour les premières soit ses pouvoirs pour les seconds. p les Ombres, les garous, les atlantes, mages et autres, aucune créature la Terre n’a jamais été leur allié, bien au contraire, et maintenir un héritage culturel quand on subit génocide sur génocide n’est pas aisé. Pour se préserver, les vampires o || lore :: Oru Ayeraye — histoire de la Cour des ténèbres :: de amorphe son frère. Olayinka, une jeune prêtresse des ténèbres, récolta en urgence le fluide au sol et le jeta dans un puit, de ce puit, chaque nuit, suintait de l’essence de N’sa’Aagor, elle y jeta des animaux et des Moroï, tous devenant de strygoï noires. Olayinka commença à boire elle-même la substance. Ainsi naquit le culte de la « Fontaine des Ténèbres », le culte vampirique le plus redoutable. p Elle s’imposa comme archevêque de ce culte naissant et motiva le jeune roi à lever ses guerriers contre l’oppresseur, Oluwasegun, l’empereur des Vampires. Pendant des siècles, le culte et la résistance furent synonyme, secrets, mineurs, m
150	bestiaire-v15-pishtaco	Pishtaco	0	
151	bestiaire-v15-alan	Alan	8	lore :: Réalité augmentée, IA et holophones :: ttaque de hackers. p Pour les entreprises, le cout est dans la confiance des clients, mais pour les utilisateurs, il peut arriver que ce soit leur vie entière ainsi qui se perde. p Nombre d’holophones se vendent comme phalange désormais, un simple remplacement d’une phalange pour avoir un holophone intégré.Un certain nombre de client passent par l’immatériel total néanmoins en implant neuronal, mais la paranoïa certaine et généralisée atténue l’envie de se connecter ad vitam p Les citoyens de la grande Californie et des Etats-Unis passent par ces « fichiers citoyen » afin de voter, être soignés, percevoir des aides ou autre, le travail  || lore :: Delanial :: ois pour lui permettre de se sociabiliser au sein du cabinet de notaires. p Il est une forme d’Anti-Katanja, puisqu’il cherche à se cacher, s’isoler et surtout ne jamais revoir les siens. Même s’il est d’une puissance égalant ou surpassant les plus puissants dieux de la Terre, c’est un être si complexé, paranoïaque et effrayé par les Puissances qu’il n’a jamais rien accompli sur Terre et n’accomplira probablement jamais rien. p Serathè, Ux’Sharith, Anahita ou bien encore Belial et Rae’kath sentent son existence, bien qu’il ait effacé toute trace d’action les concernant, il ne peut anéantir le lien établi durant une trame temporelle, c’e || lore :: Le continent de l’Atlandide ::  va créer des courants électriques souterrains par piézoelectricité. Cette particulatité mène à avoir un climat assez chaud et humide naturellement, comme si l’Atlantide avait un chauffage par le sol, mais il est contrebalancé par de pussants vents marins et des tempêtes ravageuses, la foudre s’y abattant bien plus souvent qu’ailleurs, mais de manière prévisible, les Aseryns en maitrisant et prévoyant la chute des éclairs. Bien que l’île soit de taille comparable à l’Australie, l’eau y est omjniprésente par les lacs, les rivières mais aussi les innombrables avancées d’eau de mer. Le climat atlante varie selon la région où on se trouve,  || lore :: Talass :: t conductrice que ce soit en électricité, magie ou en pouvoir psychique. p Les Talass ont une anatomie segmentaire, la tête, les bras jusqu’aux poignets, le torse et le bassin forme un segment, chaque main puis chaque phalange, chaque cuisse, chaque morceau de queue est un segment à part, hormis le segment « vital », ils peuvent se faire arracher les autres sans ne subir aucune douleur, en revanche, cela ne repousse pas naturellement, donc ils n’apprécient pas vraiment quand ça arrive. p Le « segment vital » est le seul qui possède un génome propre, les segments détachables sont dotés d’un ADN neutre, commun à tous les Talass, qui peuve || lore :: 1.3. Iron revengers ::  dont « l’incompétence » a été soulignée plutôt que de reconnaitre l’Overtech syndrome, afin de ne pas épuiser les caisses de l’Etat, elle s’est retrouvée livrée à elle-même dans une société changeante. Quand elle tua Dealan Shaonny, un activiste néonazi du NROA, qui prônait le viol des femmes noires, elle fut jetée en prison, à Corcoran. Ce n’était pas son premier meurtre depuis son retour de la guerre, mais jusque-là, l’armée avait étouffé les deux autres cas, légitime défense pour le premier et mort accidentelle pour le second. Pour beaucoup, la prison est un moment aussi atroce qu’inutile dans leur vie, où les regrets et la souffran || lore :: Cartel de Sinaloa :: artel, dès lors il exploitera l’individu jusqu’à sa mort, officiellement, assassiner pour le cartel libérerait de la dette, mais en général, une fois en prison, un gangster est payé pour éliminer toute personne pouvant balancer. p Le cartel associe beaucoup de gens à ses activités, même si on sert le cartel à vie, les plus humbles associés peuvent disparaitre et fuir, ils ne sont pas souvent recherchés. activites-4 Activités p Un cartel ne fonctionne pas comme une mafia, son organisation revête une apparence extrêmement chaotique et floue, il peut exister plusieurs barons simultanément dans un même cartel, c’était le cas de celui de Sin || lore :: CONTEXTE GENERAL :: ’en avaient simplement ni les moyens ni même les outils. p Les armées, en revanche, avaient bénéficié des plus grands experts et de moyens colossaux, alors en sortie de guerre, elles furent à leur tour dépouillée et on balança des militaires à toutes les fonctions possibles aux Etats-Unis. p L’essor de la Californie comme singularité durant les grandes crises vint surtout de son adaptabilité, et d’une nécessité absolue, possédant les plus grands ports du Pacifique, la Californie était la destination principale de l’émigration durant la guerre, surtout concernant des pays d’Asie, la grosse immigration a nourri le renforcement monstrueux  || lore :: HERBREWS CORPORATION :: nombreux pays, certain que l’Humanité entière méritait les bienfaits de l’alcool peu importe l’âge, il est toutefois évincé lors d’un vote de son conseil, le budget derrière une telle guerre contre les gouvernements ne valant pas les gains prévus, eux-mêmes surestimés. C’est ainsi que Jie LUO lui succéda, la même année, doublant presque les profits de la megacorporation par de grandes réformes internes et énormément de licenciements. p En 2032, Pepsico est remanié puis racheté, « Bubble pro » corporation est née, mais en 2035, la corporation est à 75% aux mains de Herbrews corporation, comptant comme une branche quoi qu’officiellement e
152	bestiaire-v15-strzyga-strzygon	Strzyga / Strzygoń	0	
153	bestiaire-v15-momie	Momie	3	lore :: Autres créatures :: ent aux vivants pour « compléter » ce vide, même s’ils n’ont généralement aucun moyen de retrouver une âme. Parmi les « cadavres », on trouve les « zombies », « les squelettes », les « strigoï », les « Wendigos », les « momies » et bien d’autres. p Les « fantômes » p Il s’agit de revenants immatériels, à l’opposés des « cadavres », il s’agit d’âmes privées de leurs corps, avec le plus souvent assez peu de capacités d’action sur le monde des mortels ils s’acharnent à communiquer et essayer de voler des corps ou de l’énergie aux mortels. On trouve parmi eux « les spectres », « les dames blanches », « sluaghs », « lémures » ou bien encore l || lore :: Alghul Almalakiu — Vizirs, Masques et degrés :: e conscience : p - L’innocence - L’intuition - La connaissance - La Transcendance p Chaque niveau désigne un rang chez les vampires dans l’Alghul, le dernier étant celui des Vizirs et de la reine. p L’alghul utilise des momies, des revenants, pour protéger les cryptes profondes à la place de « Veilleurs », car il serait inenvisageable de sacrifier un ancien vampire à une telle tâche. Les membres de l’alghul ont des pouvoirs nécromantiques assez fort, certains Mages ont parfois peur d’utiliser de la nécromancie face à l’un d’entre eux. p Du fait de leur rituel de réincarnation par le sang, certains membres de l’Alghul sont toutefois plus  || lore :: Ihuito Meztzi — K’uhul Ajaw et Ah’kin :: és), ces vampires préfèrent asseoir leur maison sur des armées de morts-vivants exsangues mais aussi de Deimons ou de voyageurs corrompus. p Presque tous les K’uhul Ajaw ont un Hellghest comme monture par exemple et une momie gardant leur maison. Une momie n’est pas un serviteur faible, loin de là, c’est un mort-vivant scrupuleusement pétri de magie par des rituels funéraires complexes visant à en préserver au mieux l’intégrité magique plus que physique en vérité. p Les maisons religieuses, quant à elles n’ont pas la même fonction, tous les Ah’kin sont des Veilleurs par principe, ils sont enterrés dans des temples ou des souterrains oubl
154	bestiaire-v15-draugar	Draugar	0	
155	bestiaire-v15-jiangshi	Jiangshi	0	
156	bestiaire-v15-liche-faucheuse	Liche / Faucheuse	0	
157	bestiaire-v15-doppelganger	Doppelgänger	0	
158	bestiaire-v15-barghest	Barghest	2	lore :: Autres créatures :: lan des mortels dont ils se nourrissent, ils ont besoin des mortels pour se maintenir dans la dimension de ces derniers car ils ne sont pas comme les « Voyageurs », ils ne sont pas libres d’aller et venir. « Goules », « Barghest », « Hellhest », Caith Sidh » ou bien encore « Dopple gangers » sont des exemples de ces créatures, à la forme inhumaine mais l’intelligence malfaisante. p Les « Projections » p Il s’agit de créature « récentes », elles sont l’écho des espèces pensantes et manieuse de pouvoirs, comme leur nom l’indique elles sont les projections des désirs, des peurs, des remords ou bien encore de l’inconscient des vivants, on les n || pnj :: Chamunda DHAVALE ::  les autres, il a une part assez sombre et même en 2035, il pratique l’anthropophagie plus régulièrement que les autres clans. Normal p Les garous de ce clan pratiquent la sorcellerie de plus, ils chassent notamment les barghest, les « chiens des ténèbres », pour obtenir quelques pouvoirs en les asservissant tels que les crocs d’ombre ou bien encore des hurlements plus puissants. Ils dévorent des humains pour traquer des Mages ou des sorciers et en arracher la magie, naturellement, les garous n’ont pas spécialement d’affinité magique mais ainsi, ils la renforcent. Normal
159	bestiaire-v15-cat-sidhe	Cat Sidhe	0	
160	bestiaire-v15-afanc	Afanc	0	
161	bestiaire-v15-helhest	Helhest	0	
162	bestiaire-v15-dullahan	Dullahan	0	
163	bestiaire-v15-insomnium	Insomnium	0	
164	bestiaire-v15-somnium	Somnium	1	lore :: Autres créatures :: es et manieuse de pouvoirs, comme leur nom l’indique elles sont les projections des désirs, des peurs, des remords ou bien encore de l’inconscient des vivants, on les nomme « cauchemars », « fantasmes » ou bien encore « Somnium », ces entités dépendent d’un créateur et bien souvent ne lui survivent pas. p Les « revenants » p Les « revenants » sont des créatures issues des espèces vivantes. A leur morts, ces créatures peuvent se réanimer, par un pouvoir malfaisant ou leur seule volonté, par une erreur du cycle ou un long processus. Toutes les espèces vivantes peuvent potentiellement devenir des revenant à la mort de leur corps. Les revenant
165	bestiaire-v15-fantasme	Fantasme	8	lore :: Autres créatures :: nt l’écho des espèces pensantes et manieuse de pouvoirs, comme leur nom l’indique elles sont les projections des désirs, des peurs, des remords ou bien encore de l’inconscient des vivants, on les nomme « cauchemars », « fantasmes » ou bien encore « Somnium », ces entités dépendent d’un créateur et bien souvent ne lui survivent pas. p Les « revenants » p Les « revenants » sont des créatures issues des espèces vivantes. A leur morts, ces créatures peuvent se réanimer, par un pouvoir malfaisant ou leur seule volonté, par une erreur du cycle ou un long processus. Toutes les espèces vivantes peuvent potentiellement devenir des revenant à la mort || lore :: Daemons :: arne la féminité et la maternité, les pulsions sexuelles mais aussi tous les désirs en général. Elle est nommée « Aphrodite », « Freyja », « Isis » ou bien encore « Ishtar » à travers les civilisations. Elle incarne les fantasmes les plus fous et la fertilité, la dévotion également, la croyance religieuse étant un amour parmi les autres. p Pouvoir offert : Les démons de Lilith sont d’une beauté telle qu’ils ne sont jamais mis à mort par des êtres capables d’en apprécier le charme, les blessures qu’on leur inflige sont toujours réduites en proportion de l’attirance qu’on a pour eux. p Mammon p Dieu de la Mort, de la vieillesse, du destin et  || lore :: Le continent de Hyperboree :: e notable qu’ils président, tout est voté à main levée et toute décision contestée est soit tranchée par le Jarl soit par duel judiciaire. Les noms des Duchés évoquent assez directement la mythologie nordique les ayahnt fantasmé : Valhollis a donné le Valhalla qui est le palais d’Odin, Volkvangra a donné Folkvangr qui est le palais de Freyja, Vingolfa est l’équivalent du Valhalla pour les déesses, Ydalira donna Ydalir la vallée des If qui est le lieu de résidence du Dieu Ull, Glitniris donna Glitnir, la demeure du dieu Forseti, Eljudniris donna Eljudnir qui est le palais de la déesse Hel, enfin, Valaskjalfir donna Valaskjalf qui est une rés || lore :: Néopaganisme — informations :: plongé dans ces croyances. p Le néopaganisme a plusieurs origines en tant que retour à d’anciennes croyances, il a surtout été formulé d’une part par les mouvements nationalistes cherchant, par exemple à renouer avec un fantasme romancé des anciens peuples soi-disant ancestraux en chaque pays moderne puis durant les années 70, par les mouvement tout au contraire plus hippies et New Age, profondément de gauche où la recherche d’un idéal écologique ou féministe s’accommodait mieux de croyances en des déesses-mère que le Christianisme. p Pendant longtemps, le néopaganisme est resté très divisé et varié, forcément, avec des idéologie d’extrême- || lore :: Religions en 2035 — nouvelles pratiques et nouvelles fois :: gner à s’allier pour de telles constructions. p Concernant les nouvelles, elles ont à peu près la même organisation mais sont souvent moins compatibles, le neopaganisme prend plutôt chez les insurgés et les neopunks, un fantasme de la violence chez les anciens panthéons semble séduire énormément la jeunesse de 2035 chez les plus rebelles. p L’Eglise cybernétique est incroyablement puissante de son coté, ne s’alliant à aucune autre elle a une emprise plus grande dans les megacorporations, qu’elle a d’ailleurs parfois financé grandement. Comme elle ne se base pas sur des croyances anciennes, ses cadres sont souvent d’anciens grands noms de la || lore :: Secte Siobhainiste :: SIRIDEAN est la plus grande actrice du monde. Elle est vénérée et adorée par des millions de gens comme personne avant en dehors des figures religieuses et précisément en cela, elle a vu naitre un culte autour d’elle. p Fantasme pour énormément de personnes, la secte se base sur sa perfection inégalable, on parle de l’actrice la plus émouvante, la plus belle mais aussi la plus forte, ayant été grande championne toute catégorie en MMA et ayant fait la guerre, ayant même abattu des nords-coréens avant de s’engager… p Sa légende est source de vénération tant et si bien que certains la voient comme une déesse tout simplement, une divinité prote || lore :: Species Merging Research Center ::  compatible avec les autres représentants de ces espèces. Une grande fusion dans une unique espèce artificielle qui regroupera le meilleur des avantages évolutifs. p Ce projet semble basiquement prodigieux, un véritable fantasme que d’avoir la beauté des humains, reconnue dans la galaxie entière, la régénération des Rocréens, enviées de tous, la maitrise de la chimie interne des Baséanh, particulièrement utile, la robustesse alimentaire des Mo’sens ou bien encore l’aptitude à vivre en apnée des jours comme les Thalsios, particulièrement utile dans l’espace. p Hélas, il suffit d’avoir les plus fines bases en génétique pour commencer à object || lore :: Temple de Lilith :: nctuaire du désir p Les studios de Redwheels forment le Temple de Lilith. Le choix n’a rien d’accidentel : Lilith règne sur l’amour, le désir, la beauté, la fertilité et la dévotion, et son culte prospère partout où les fantasmes, l’attention et les passions humaines deviennent une force collective. p Le Temple brouille volontairement la frontière entre commerce, spectacle, intimité et religion. Beaucoup de mortels peuvent y participer sans jamais comprendre la nature réelle du lieu, tandis que les serviteurs de Lilith y trouvent un terrain idéal pour attirer, éprouver ou lier ceux dont les désirs sont assez puissants pour devenir une porte
166	bestiaire-v15-cauchemar	Cauchemar	3	lore :: Autres créatures :: ntes », elles sont l’écho des espèces pensantes et manieuse de pouvoirs, comme leur nom l’indique elles sont les projections des désirs, des peurs, des remords ou bien encore de l’inconscient des vivants, on les nomme « cauchemars », « fantasmes » ou bien encore « Somnium », ces entités dépendent d’un créateur et bien souvent ne lui survivent pas. p Les « revenants » p Les « revenants » sont des créatures issues des espèces vivantes. A leur morts, ces créatures peuvent se réanimer, par un pouvoir malfaisant ou leur seule volonté, par une erreur du cycle ou un long processus. Toutes les espèces vivantes peuvent potentiellement devenir des rev || lore :: Daemons :: Pouvoir offert : Les démons de Belial peuvent manipuler le feu et la chaleur. Ils ne peuvent pas être tués par cet élément (ne peuvent pas être immolés ou percés par un laser) p Diablo p Dieu de l’ombre, de la nuit, des cauchemars et de la peur. Il incarne l’inconnu, les ténèbres et le mystérieux. Il est nommé « Erèbe », « Apophis », « Tchernobog » ou bien encore « Nott » à travers les civilisations. Il est une figure du malsain et de la peur qu’engendre la nuit. p Pouvoir offert : Les démons de Diablo peuvent copier tous les pouvoirs des « Ombres » et des vampires qui sont utilisés contre eux. p Lilith p Déesse de l’amour et des sentiments, || lore :: Temple de Diablo :: mples-temple-diablo Temple de Diablo Organisations source_detaillee all factions_Temples Daemoniaques.pdf Temples Daemoniaques le-sanctuaire-de-la-peur-1 Le sanctuaire de la peur p Diablo règne sur la nuit, l’ombre, les cauchemars et la peur. Son Temple prospère naturellement dans les lieux où la lumière est absente mais surtout là où l’imagination transforme cette absence en menace. p Ses daemons imitent une partie des pouvoirs des Ombres et des vampires, ce qui renforce la confusion entre prédateur nocturne, créature de la Vérité et serviteur divin. Le Temple exploite cette ambiguïté : la peur fonctionne d’autant mieux que la victime ne sa
167	bestiaire-v15-croque-mitaine	Croque-mitaine	0	
168	bestiaire-v15-chien-noir-black-shuck	Chien noir / Black Shuck	0	
169	bestiaire-v15-kochtchei	Kochtcheï	4	verite :: 13. Mages :: me de conscience et s’incarnèrent dans des êtres vivants. Sur de très longues périodes, certaines lignées devinrent particulièrement compatibles avec eux et donnèrent naissance aux Voyageurs : Dives, Gorgones, Amazones, Kochtchei, Babayaga et autres êtres dont les mythologies ont conservé des souvenirs déformés. Normal affinite-dominante Affinité dominante p À l’éveil, le Mage choisit une Affinité native de son Mageius. Elle commence gratuitement à Maîtrise Initiale / Amplitude Mineure. Normal construire-et-lancer-un-sort Construire et lancer un sort p Jet de magie : Volonté + Maîtrise spirituelle + 1d10e Normal || lore :: Mages :: tion magique. p Avec les millions d’années, certaines espèces devinrent plus promptes à les recevoir, elles donnèrent les « Voyageurs », des créatures singulières telles que les géants « Dives », les « gorgones », les « Kochtchei et babayaga» , « croquemitaines » et « Amazones », des peuples mythologiques qui ne survécurent pas. p En revanche, les « Mageius » se fixèrent aussi aux espèces invasives et notamment chez les humains. Les « Mageius » humains changèrent, ils donnèrent des civilisations entières de « Mages » et des lignées associées. Ils étaient appelés « Myrddin » par les elfes p Tous les descendants de « Mages » ne possèdent pas d || lore :: Ihuito Meztzi — fondation et cycle du sang :: que. Il traquait plus encore ceux corrompus, comme lui et c’est ainsi qu’il détruisit toute lignée vampiriques autre que la sienne sur les continents Américains. S’instaurant comme une force de la nature, il s’allia aux Kochtchei, notamment l’Ancienne pour qu’ils ne dénoncent toute concurrence, repoussant au nord les khinae non corrompus. Très tôt, l’Ancienne lui révéla comment utiliser ses pouvoirs de V’aagor afin d’emprisonner un Mageius, celui d’une Dive ancienne, une fille d’Ymir, Brimhild . Avec ce Mageius, ses dons de Khinae et les innombrables créatures dévorées, Quetzal s’imposa comme une divinité surpuissante aux yeux des mortels, c || lore :: Point sur les lignées :: ser, pas avant que Kalirath, son ennemi juré, ne le fasse. p En effet, Kalirath était devenu fou, au lieu de trouver un moyen de vaincre les fléaux, il avait trop approché leurs pouvoirs, guidé par Babayaga, la mère des Kochtchei, comme elle, il se fit corrompre par les fléaux bien qu’ils n’aient été vaincus par les dieux. L’aseryn utilisait sa foudre pour purger son corps constamment mais n’était qu’une bombe à retardement, instable quoi que puissant. Il céda beaucoup de ses recherches au Mausolée, y allant souvent. p Bien qu’exilé, Kalirath revenait au Mausolée, provoquant la rage d’Athegos, après des temps où il le fit pacifiquement, il f
170	bestiaire-v15-gorgone	Gorgone	6	verite :: 13. Mages :: par acquérir une forme de conscience et s’incarnèrent dans des êtres vivants. Sur de très longues périodes, certaines lignées devinrent particulièrement compatibles avec eux et donnèrent naissance aux Voyageurs : Dives, Gorgones, Amazones, Kochtchei, Babayaga et autres êtres dont les mythologies ont conservé des souvenirs déformés. Normal affinite-dominante Affinité dominante p À l’éveil, le Mage choisit une Affinité native de son Mageius. Elle commence gratuitement à Maîtrise Initiale / Amplitude Mineure. Normal construire-et-lancer-un-sort Construire et lancer un sort p Jet de magie : Volonté + Maîtrise spirituelle + 1d10e Normal || lore :: Autres créatures :: rturbent beaucoup l’Hologramme donc et son détesté par les espèces de la Vérité, les « Voyageurs » n’obéissant à personne. On trouve parmi eux les « Croquemitaines », les « amazones », les « Dises » ou bien encore les « Gorgones » pour ne citer que ceux-là. Ils sont les seules autres créatures avec les Mages à posséder des Mageius et ont été exterminés par les Mages pour ça. p Les « Deimons » p Il s’agit d’une très ancienne espèce immatérielle, tous les Deimons ne forment qu’une seule et même espèce spirituelle, des « Esprits de l’ombre », polymorphes et aux habitudes variables, ils ont oublié ce qu’ils étaient en s’acharnant à passer dans || lore :: Mages :: ngeant par pure action magique. p Avec les millions d’années, certaines espèces devinrent plus promptes à les recevoir, elles donnèrent les « Voyageurs », des créatures singulières telles que les géants « Dives », les « gorgones », les « Kochtchei et babayaga» , « croquemitaines » et « Amazones », des peuples mythologiques qui ne survécurent pas. p En revanche, les « Mageius » se fixèrent aussi aux espèces invasives et notamment chez les humains. Les « Mageius » humains changèrent, ils donnèrent des civilisations entières de « Mages » et des lignées associées. Ils étaient appelés « Myrddin » par les elfes p Tous les descendants de « Mages  || lore :: La croix d’Emphyrra : La Fédération Elfique :: s des Fléaux. Afin de cultiver leur puissance magique ils ont souvent tissé des liens étroits avec ls Voyageurs et les Deimons. Le conseil des Anciens essaya de les intégrer, mais les liens avec les Dives et surtout les gorgones, les deimons, tout cela mena à ce que beaucoup d’elfes noirs ne restent assez réticents. Alliés aux Voyageurs, ils sont restés farouchement haineux des Mages et en ont tué autant que la Chasse Fantastique. L’idéologie de cette faction est de s’émanciper du corps physique pour que les membres de la fédérations ne se transcende par les Ombres en intégrant ces créatures. Ironiquement, ils rejoignent la vision de Motso || lore :: Le Syndicat de Jade :: a plus puissante impératrice sur Terre, possiblement de toutes les épôques confondues, prenant les sous-sols de la dimension de « Midgard » mais aussi des dimensions plus sombres, s’engageant dans des guerres contre les Gorgones et autres voyageurs troglodytes. Hélas, les nains aussi s’installèrent et quand l’immonde Motsognir et ses duergars prirent els souterrains, les Ashylls (gobelins), furent obligés de remontés et se soumettre aux lois des « surfaceux ». Elle intrigua pour avoir une place au conseil des Anciens et alors qu’elle avait tout pour réussir, ses ducs firent un pacte avec les chefs orcs pour fonder leur propre alliance, cré || lore :: Les enfants de Nidavellir :: le roi elfe gagna en influence, ce qui ne plaisait pas à Motsognir. Deux factions se divisèrent largement : ceux de la surface et ceux des profondeurs, préférant refuser l’alliance des Exilés à un rapprochement avec les Gorgones et les Deimons, deux peuples du genre « Ombre ». Quand la guerre de la Magie débuta, Motsognir, l’archimage nain, préféra trahir les autres exilés, pour enfermer le plus possible de magie dans les profondeurs où il résidait, sans partager. Le conseil des Anciens pensa qu’il se fit détruire par la magie ainsi dérobée au Monde et on n’entendit plus parler des « Duergars », les nains des profondeurs, alors que les « N
171	bestiaire-v15-lutin-du-petit-peuple	Lutin du petit peuple	0	
172	bestiaire-v15-elementaire-lie-a-un-sanctuaire	Élémentaire lié à un sanctuaire	0	
173	bestiaire-v15-golem-feerique	Golem féerique	0	
174	bestiaire-v15-zoanide-gardien	Zoanide gardien	0	
175	bestiaire-v15-kappa	Kappa	0	
176	bestiaire-v15-kelpie	Kelpie	0	
177	bestiaire-v15-leshy	Leshy	0	
178	bestiaire-v15-domovoi	Domovoï	0	
179	bestiaire-v15-curupira	Curupira	0	
180	bestiaire-v15-patupaiarehe	Patupaiarehe	0	
181	bestiaire-v15-each-uisge	Each-Uisge	0	
182	bestiaire-v15-saci	Saci	0	
183	bestiaire-v15-taniwha-territorial	Taniwha territorial	0	
184	bestiaire-v15-nuckelavee	Nuckelavee	0	
185	bestiaire-v15-dokkaebi	Dokkaebi	0	
186	bestiaire-v15-boitata	Boitatá	0	
187	bestiaire-v15-aswang-metamorphe	Aswang métamorphe	0	
188	bestiaire-v15-kishi	Kishi	3	lore :: 2.7. Onikishi :: lore-anti-systemes-onikishi 2.7. Onikishi Organisations source_detaillee all factions crawlers _ les anti système.pdf Crawlers — Anti-systèmes les-demons-de-la-route-1 Les démons de la route p Les Onikishi sont issus de réseaux de vétérans et de communautés asiatiques qui ont reconstruit une identité biker autour d’une esthétique de samouraïs modernes. Armures stylisées, emblèmes démoniaques et discipline de groupe leur donnent une apparence i || lore :: Les Motards :: ar l’Aryan Brotherhood et la mafia irlandaise. • « Sons of Legba » MC menée par « Zaketa Harris”, c’est un gang exclusivement d’afro-américains, ils arbitrent les conflits entre les gangs des Crips et des Bloods. • « Onikishi» MC menée par « Honda Daisuke”, c’est le gang de motards le plus asiatique, il rassemble une part de japonais, de chinois et de coréens essentiellement. • « Last Crows » MC menée par « Wenona”, c’est un gang de motards ultraviolents et secrets, il compte un grand nombre d’amérindiens. On peut citer que les Mongols, Outlaws et bandidos n’ont pas disparus, mais en Grande Californie, il existe une réelle menace pour le || pnj :: Tekkan KIRISHIMA :: a Tekkan KIRISHIMA Personnages TUC_organisations_corporations (inachevé).docx source_detaillee 43 ans japonais Vice-président de corporation Ishikawa OSHIRO Ryunosuke YODOKAWA detailed pnj-025-s1 Informations p Ancien Rikishi le plus célèbre des années 2020, Tekkan était surnommé « l’invincible ». Après la mort de ses frères sur le champ de bataille, il a totalement arrêté sa carrière dans le Sumo pour participer dès 2024 à l’effort de guerre. Plutôt connu pour ses amitiés avec des yakuzas, il usa de ses relations pour intégrer sans diplôme ni qualification la compagnie Bullmotors qui s’implantait au Japon. Il ne faut toutefois pas s’ima
189	bestiaire-v15-jorogumo	Jorōgumo	0	
190	bestiaire-v15-rokurokubi-nukekubi	Rokurokubi / Nukekubi	0	
191	bestiaire-v15-soucouyant	Soucouyant	0	
192	bestiaire-v15-adze	Adze	0	
193	bestiaire-v15-manananggal	Manananggal	0	
194	bestiaire-v15-krasue	Krasue	0	
195	bestiaire-v15-penanggalan	Penanggalan	0	
196	bestiaire-v15-mapinguari	Mapinguari	0	
197	bestiaire-v15-bunyip	Bunyip	0	
198	bestiaire-v15-chupacabra	Chupacabra	0	
199	bestiaire-v15-manticore	Manticore	0	
200	bestiaire-v15-toyol-tuyul	Toyol / Tuyul	0	
201	bestiaire-v15-tokoloshe	Tokoloshe	0	
202	bestiaire-v15-impundulu-oiseau-foudre	Impundulu / Oiseau-foudre	0	
203	bestiaire-v15-inugami	Inugami	0	
204	bestiaire-v15-tsukumogami	Tsukumogami	0	
205	bestiaire-v15-mula-sem-cabeca	Mula-sem-cabeça	0	
206	bestiaire-v15-la-patasola	La Patasola	0	
207	bestiaire-v15-basilic	Basilic	0	
208	bestiaire-v15-cocatrix	Cocatrix	0	
209	bestiaire-v15-ver-galactique-juvenile	Ver galactique juvénile	0	
210	bestiaire-v15-traqueur-de-soute	Traqueur de soute	0	
211	bestiaire-v15-fouisseur-siliceux	Fouisseur siliceux	0	
212	bestiaire-v15-planeur-de-brume	Planeur de brume	0	
213	bestiaire-v15-tique-de-coque	Tique de coque	0	
214	bestiaire-v15-leviathan-de-bassin	Léviathan de bassin	0	
215	bestiaire-v15-wendigo	Wendigo	5	lore :: Autres créatures :: s s’attaquent souvent aux vivants pour « compléter » ce vide, même s’ils n’ont généralement aucun moyen de retrouver une âme. Parmi les « cadavres », on trouve les « zombies », « les squelettes », les « strigoï », les « Wendigos », les « momies » et bien d’autres. p Les « fantômes » p Il s’agit de revenants immatériels, à l’opposés des « cadavres », il s’agit d’âmes privées de leurs corps, avec le plus souvent assez peu de capacités d’action sur le monde des mortels ils s’acharnent à communiquer et essayer de voler des corps ou de l’énergie aux mortels. On trouve parmi eux « les spectres », « les dames blanches », « sluaghs », « lémures »  || lore :: Vhodhal’nact'ru :: lémentaire préférant préserver la stabilité terrestre en détruisant un être capable de dévorer le temps. p Il n’est pas parfaitement mort, son corps immense demeure au nord de l’Alaska, d’où seraient apparu les premiers Wendigos, ces revenants affamés. cultes-2 Cultes p Les cultes de Vhodhal sont rares, on ne peut obtenir de lui que la « famine blanche », une affection qui transforme l’esprit et le cœur, affame et rend violent, une rage spirituelle dont on ne guérit presque pas. p Il existe deux cultes à son honneur, le premier est celui des Mages de la « loge d’écume », une Loge renégate, le second est celui vampirique des « sang d’ivoire || lore :: Autres Cours vampiriques :: ls n’ont aucune chance. p On peut ainsi trouver « l’elfenbeinblutt » mieux nommé « sang d’ivoire », qui est une cour dérivée de la Krovni mais corrompue par le Fléau Vhodhal et sa faim destructrice qui les rapproche des Wendigos, d’autres abominations de Vhodhal. p Il existe les vestiges de la cour de la » Nemma Moogura », la cour australienne qui régna longtemps sur un vaste domaine avant d’être décimée par l’alliance krovni-Shi afin de la dépecer et d’anéantir le » sang du rêve », un pouvoir bien trop gênant. p Outre ces cours assez classiques, on peut aussi citer les « Lavandières », ces vampires qui nettoient le merdier des autres, ind || lore :: Les Cours vampiriques :: inae corrompus, ce sont ceux par V’aagor qui donnèrent les Vampires, les autres furent anéantis, à l’exception de quelques cas de Vhadhi (voir culte de l’Eden Gris) et de Vhodhal (qui engendrèrent par leurs spectres les Wendigos. p Les vampires n’en savent rien, ils ont oublié leurs origines, dans leurs mythes fondateurs, tous les courants de pensée n’ont qu’une infime partie de la vérité et jamais la même. Leur fertilité est médiocre, alors ils doivent souvent passer par la corruption d’un mortel, on parle de malédiction, mais ce n’est pas qu’un vampire corrompt un humain, c’est plutôt qu’un vampire corrompt l’héritage Khinae chez un huma || pnj :: Mila SHILOVE :: t radieuse femme en chef de communauté, « la prêtresse Mila » … fuyez. Normal p D’une part, pas un de ces habitant n’est innocent, tous sont cannibales, d’autre part, certains ne sont même pas humains, certains sont des Wendigos voire pire quoi que pire n’est pas le mot. Normal p Cette femme est un monstre ayant tué père, mère, frères, sœurs, cousins et ses propres enfants pour devenir la plus puissante Mage d’Alaska, et elle les a tous mangé pour cela, sur ordre d’une voix qu’elle est la seule désormais à entendre et à qui elle parle à voix haute. Normal
216	bestiaire-v15-bete-faramine	Bête Faramine	0	
217	bestiaire-v15-sang-d-ivoire	Sang d’Ivoire	2	lore :: Vhodhal’nact'ru ::  et rend violent, une rage spirituelle dont on ne guérit presque pas. p Il existe deux cultes à son honneur, le premier est celui des Mages de la « loge d’écume », une Loge renégate, le second est celui vampirique des « sang d’ivoire », qui tentent de se libérer de la soif par la faim. histoire-3 Histoire p A la fin du XVIIIème siècle, la Russie colonisa l’Alaska, commença à s’installer, plusieurs familles de Mages de différentes loges venant s’exiler là pour se cacher. p Une famille, les Voroshilov, découvrit néanmoins un nœud prodigieux de magie, l’ignorant, ils commencèrent à forer le tombeau de Vhodhal’nact. p Les ouvriers devenaient fous et || lore :: Autres Cours vampiriques :: ’est pour ça qu’il est dans leur intérêt de ne pas faire beaucoup de bruit, de rester discrets, car en guerre ouverte, même très doués, ils n’ont aucune chance. p On peut ainsi trouver « l’elfenbeinblutt » mieux nommé « sang d’ivoire », qui est une cour dérivée de la Krovni mais corrompue par le Fléau Vhodhal et sa faim destructrice qui les rapproche des Wendigos, d’autres abominations de Vhodhal. p Il existe les vestiges de la cour de la » Nemma Moogura », la cour australienne qui régna longtemps sur un vaste domaine avant d’être décimée par l’alliance krovni-Shi afin de la dépecer et d’anéantir le » sang du rêve », un pouvoir bien trop gênant.
218	bestiaire-v15-noctiel	Noctiel	0	
219	bestiaire-v15-cyclope-egam	Cyclope / Egam	0	
220	bestiaire-v15-assimile-aagorien	Assimilé aagorien	0	
221	bestiaire-v15-abomination-du-pere	Abomination du Père	0	
222	bestiaire-v15-oshirique	Oshirique	2	lore :: Mloxol v'aagor :: git pas d’une classe sacerdotale au sein des vampires, n’importe quel membre de l’Oru déclarant sentir l’appel des ténèbres peut recevoir la formation. p Son sang devient alors non plus un sang vampirique mais un sang « Oshirique », simplement de la « sombre-vérité », le vampire perd ses dons spécifiques du sang mais gagne en compétence télékinétique et en physique. Il devient dépendant de la « fontaine des ténèbres » et ne put plus s’alimenter que de personne consommant de la « Sombre-vérité », sorciers ou autres cultistes de V’Aagor donc. S’il s’alimente d’autre sang, il souffre de la soif plus que les autres vampires, plus vite, en revanc || lore :: Oru Ayeraye — maisons et Deimons :: lore-vampire-courts-oru-structure Oru Ayeraye — maisons et Deimons Organisations source_detaillee all Factions_Les cours vampiriques.pdf Cours vampiriques organisation-de-l-oru-1 Organisation de l’Oru p Les « vampires Oshiriques » sont ceux qui remplacent leur sang vampirique par le sang oshirique, celui de la » fontaine noire », ils perdent leurs dons natifs mais gagnent ceux liés à la fontaine, ils deviennent plus puissants physiquement aussi, mais ils ne peuvent pas boire autre chose que ce que la fontaine produit, aucun humain ni aucune créature ne pouvant satisfaire leur soif sans être noyé dans la fontaine avant. Souvent les prêtres 
223	bestiaire-v15-strygoi-noire	Strygoï noire	3	lore :: Mloxol v'aagor :: ompre ses victimes aisément pour en faire des cultistes le temps de s’en nourrir. p Un vampire « Oshirique » ne peut pas consommer son propre sang ou celui d’un autre vampire Oshirique, pas sans devenir possiblement une strygoï noire, une des pires abominations pouvant naitre des vampires, ne créature de deux à quatre mètres dégoulinant de ténèbres qui aspire les fluides vitaux de tout ce qui bouge tant qu’il faut nuit, s’enterre le jour et recommence dès la nuit tombée. histoire-10 Histoire p Sur Aèr, les confréries d’assassins sont nombreuses, particulièrement chez les elfes noirs.Forcément, les expatriés de ce peuple ont importé leurs faction || lore :: Ihuito Meztzi — K’uhul Ajaw et Ah’kin :: ilitaristes ou religieuses, un K’uhul ajaw » est un seigneur vampire qui a la main sur une des armées de la factio Ihuito, un Ah’kin est un prêtre qui a une communauté religieuse. En outre, l’Ihuito a de très nombreuses strygoï noires (des formes encore plus corrompues que les strygoï classiques), mais aussi d’autres revenants, en effet, l’Ihuito est une faction majoritairement portée sur les pouvoirs et la pureté du sang, plutôt que favoriser des Dhampires ou des Moroï (souvent purgés), ces vampires préfèrent asseoir leur maison sur des armées de morts-vivants exsangues mais aussi de Deimons ou de voyageurs corrompus. p Presque tous les K’uhul  || lore :: Oru Ayeraye — histoire de la Cour des ténèbres :: ayinka, une jeune prêtresse des ténèbres, récolta en urgence le fluide au sol et le jeta dans un puit, de ce puit, chaque nuit, suintait de l’essence de N’sa’Aagor, elle y jeta des animaux et des Moroï, tous devenant de strygoï noires. Olayinka commença à boire elle-même la substance. Ainsi naquit le culte de la « Fontaine des Ténèbres », le culte vampirique le plus redoutable. p Elle s’imposa comme archevêque de ce culte naissant et motiva le jeune roi à lever ses guerriers contre l’oppresseur, Oluwasegun, l’empereur des Vampires. Pendant des siècles, le culte et la résistance furent synonyme, secrets, mineurs, mais petit à petit, Olayinka en f
224	bestiaire-v15-assimile-gravitationnel	Assimilé gravitationnel	0	
225	bestiaire-v15-s-ur-effisme	Sœur effisme	0	
226	bestiaire-v15-abomination-fracturee	Abomination fracturée	0	
227	bestiaire-v15-organisme-bellatheis	Organisme Bellatheis	0	
228	bestiaire-v15-etre-du-grand-savoir	Être du Grand Savoir	0	
229	bestiaire-v15-reacteur-vivant-abomination-fissile	Réacteur vivant / Abomination fissile	0	
230	bestiaire-v15-psycolor	Psycolor	3	lore :: Ux'sharith Bellatheis :: puis chaque descendante se cacha alors et engendra elle-même des myriades de descendantes, dissimulant ainsi l’esprit du fléau. p En 2020, un grand tournoi au sein de l’Académie visait à établir le niveau des étudiantes psycolors, Allisa SVALISDOTTIR, se révéla posséder l’esprit de Sharith et dévora les pouvoirs de toutes les étudiantes présentes, avant d’anéantir l’ordre des Saintes Lagunes et traquer les sorcières psycolors à travers le monde, n’en gardant qu’une poignée singulière. Profondément marquée par la trahison de son premier amour,elle ne se sentit pas de se venger ni reprendre sa vie de fléau, se voyant comme une déesse, l’égale || lore :: Vérité les espèces fantastiques — Lidira :: hylls (gobelins) Normal p Malgré son apparence relativement séduisante de jeune gobeline radieuse et séductrice, c’est une servante d’Ux’Sharith. Normal p Elle n’a jamais connu le Fléau de son vivant, mais les sorcières psycolors ont longtemps entretenu un culte en son honneur, un culte féminin voire féministe qui traversa les âges. Un culte de l’esthétisme, de la couleur, de la polyvalence et la diversité. Bien qu’elle n’en descendît pas, lidira, face aux purges contre son peuple, se voua corps et âme à ce culte où la différence était une vertu. Normal ashorn Ashorn p L’invulnérable fléau Subtitle || pnj :: Lidira :: hylls (gobelins) Normal p Malgré son apparence relativement séduisante de jeune gobeline radieuse et séductrice, c’est une servante d’Ux’Sharith. Normal p Elle n’a jamais connu le Fléau de son vivant, mais les sorcières psycolors ont longtemps entretenu un culte en son honneur, un culte féminin voire féministe qui traversa les âges. Un culte de l’esthétisme, de la couleur, de la polyvalence et la diversité. Bien qu’elle n’en descendît pas, lidira, face aux purges contre son peuple, se voua corps et âme à ce culte où la différence était une vertu. Normal
231	bestiaire-v15-metastase	Métastasé	1	verite :: 21. Les six Fléaux et le faux Septième :: anche Tout peut devenir nourriture. V’Aagor Annexer / unir Sombre-Vérité Tout peut devenir une partie de moi. Ux’Sharith Séparer / décomposer Division Tout possède une ligne de coupe. C’Thath Vhadhi Réaffecter / adapter Métastase Je peux devenir la solution. Gajh’Shaoggith Engendrer / proliférer Germination Je peux mettre la solution au monde. Thul Fixer / empêcher le devenir Fixation Pourquoi laisser quoi que ce soit changer ? dons-de-famine-blanche Dons de Famine Blanche table CATALOGUEFamine Blanche : 11 Talents / 25 PTV au total. Le total représente le catalogue complet, pas un objectif de progression.
232	bestiaire-v15-metastase-avance	Métastasé avancé	0	
233	bestiaire-v15-abomination-germinative	Abomination germinative	0	
234	bestiaire-v15-engeance-d-assaut	Engeance d’assaut	0	
235	bestiaire-v15-abomination-cyclique	Abomination cyclique	0	
236	bestiaire-v15-thulien-fige	Thulien figé	0	
237	bestiaire-v15-fossile-vivant	Fossile vivant	0	
238	bestiaire-v15-profond	Profond	8	realite :: 1. Principes du Neurodive :: u de programme ne relèvent jamais le Rang. RPG Callout p Applications — Les applications Holonet ordinaires ne prennent jamais de slot de Neuroprogramme. RPG Callout 1-1-la-pressure 1.1 La « Pressure » p La sécurité, la profondeur et la difficulté de sortie sont représentées par la Difficulté du système, ses IA, ses Neuroprogrammes de défense et les conséquences de l'échec. RPG List p Un environnement peut exiger une connexion profonde ou une immersion complète pour être atteint, sans accorder automatiquement de bonus chiffré. RPG List || realite :: 2. Connexion, plongée et équipement :: • RÈGLE Les actions physiques exigeant une forte concentration peuvent devenir défavorables (−3). RPG Tech Card p Plongée / immersion complète USAGE Environnements à forte Pressure ou architecture exigeant une immersion profonde. • CORPS / CONTRAINTES Le corps est largement délaissé ; il est vulnérable et ne mène pas normalement d'actions physiques complexes. • RÈGLE Pas de bonus générique ; peut être exigé par l'environnement. RPG Tech Card p Connexion physique directe USAGE Port, prise, câble ou interface branché sur le système précis. • CORPS / CONTRAINTES Expose physiquement l'utilisateur et son interface. • RÈGLE +2 Intrusion et Contr || realite :: 3. Rang de Neurodive et chargement :: p Le Rang de Neurodive mesure uniquement la capacité cognitive et technique à maintenir des Neuroprogrammes. Il ne représente pas l’aptitude Neurodriver et n’accorde aucun avantage spécial de portée ou de PA. RPG Body p Profondeur et aptitude — Un Neurodiver peut être extrêmement compétent et plonger très profondément sans être Neurodriver. Le Rang mesure la capacité de programme ; Neurodriver représente une neuroarchitecture rare et distincte, choisie comme Talent. RPG Body p Neurodive 0 — Le personnage peut utiliser l'Holonet et ses applications ordinaires. Il peut tenter certaines actions simples si la fiction le permet, mais ne charge  || verite :: Le Voile et l'Hologramme ::  de l'Hologramme, même si les deux mots ne portent pas exactement la même nuance. « Voile » décrit l'expérience : quelque chose recouvre la Vérité, adoucit ses contours et empêche le monde humain d'en percevoir toute la profondeur. « Hologramme » rappelle qu'il existe derrière cette expérience un mécanisme construit, planétaire, technomagique, capable d'agir sur la matière, la perception, les souvenirs et les traces laissées par les événements. Normal || verite :: Voir n'est pas Révéler :: x initiés consiste à confondre trois situations : une créature se Révèle ; un observateur voit au travers du Voile ; le Voile échoue localement. Elles peuvent produire des images similaires, mais leurs conséquences sont profondément différentes. Normal p Lorsqu'un être Voilé est perçu par quelqu'un qui possède une capacité permettant de voir au travers de la traduction, cet être n'a pas changé d'état. Il reste Voilé. Ses capacités qui exigent une Semi-Révélation ou une Révélation ne deviennent pas disponibles, son corps continue d'interagir avec la Réalité selon les règles de son état, et les autres témoins ne voient rien de plus. Seul le  || verite :: Religions, mythes et souvenirs mal classés :: humaines ont absorbé, oublié, réinterprété et mélangé des rencontres avec des créatures, des puissances et des événements dont le contexte véritable avait disparu. Normal p La victoire d'Elynea après la Guerre céleste a profondément marqué cette mémoire. Les anciens dieux furent diabolisés dans la narration monothéiste qui s'imposa progressivement, tandis qu'Elynea devint le Dieu unique des grandes traditions concernées. Cette histoire n'implique cependant pas que les Églises humaines modernes connaissent le dossier cosmologique ou obéissent aux Angelus. Des siècles de foi humaine ont produit leurs propres institutions, débats et autorités || verite :: Révéler sa Nature est un acte personnel :: reconnu par un autre initié ne forcent pas automatiquement une créature à se Révéler. La transition appartient à la relation entre l'individu, sa Nature et l'Hologramme. Normal p Cette règle a une conséquence culturelle profonde : la Révélation est souvent vécue comme un acte de vulnérabilité ou d'autorité. Montrer sa forme réelle à quelqu'un peut signifier confiance, défi, urgence ou rupture avec les règles habituelles d'une communauté. Pour un être ayant grandi sous le Voile, il peut s'agir de la première fois qu'un proche profane voit réellement ce qu'il est. Normal etre-vu-revele Être vu Révélé p Pendant une Révélation complète, les té || verite :: Le Cycle, le Néant et ce que la mort révèle :: rmal p Les Vampires portent la marque de leur ancienne corruption. Leur vraie mort les conduit au **Néant** plutôt qu'au Cycle. Cette certitude, plus ou moins comprise selon les Cours, donne à leur culture de survie une profondeur que la simple peur de mourir n'explique pas. Pour eux, certaines destructions sont réellement définitives d'une manière que beaucoup d'autres Natures n'expérimentent pas. Normal
239	bestiaire-v15-profond-guerrier	Profond guerrier	0	
240	bestiaire-v15-rocreen-abyssal	Rocréen abyssal	0	
241	bestiaire-v15-rocreen-abyssal-lourd	Rocréen abyssal lourd	0	
242	bestiaire-v15-myxinien	Myxinien	0	
243	bestiaire-v15-grand-thulien	Grand Thulien	0	
244	bestiaire-v15-manifestation-de-dagon	Manifestation de Dagon	0	
245	bestiaire-v15-incarnation-de-telipinu	Incarnation de Telipinu	0	
246	bestiaire-v15-manifestation-de-r-sheraag-a-ringeveled	Manifestation de R’Sheraag à Ringeveled	0	
247	bestiaire-v15-li-loth-manifestation-multi-cycles	Li’loth — manifestation multi-Cycles	0	
248	bestiaire-v15-hote-de-la-mue-de-rulfam	Hôte de la Mue de Rulfam	0	
249	bestiaire-v15-porteur-de-nahfr	Porteur de Nahfr	0	
250	bestiaire-v15-hemera-et-aristaeus-ruptures-conscientes-de-vhadhi	Héméra et Aristaeus — Ruptures conscientes de Vhadhi	0	
251	bestiaire-v15-am-mleeac-mleeac-fleau-superieur	Am’Mleeac / Mleeac — Fléau supérieur	0	
252	bestiaire-v15-delanial-le-faux-septieme-fleau	Delanial — le faux Septième Fléau	0	
253	bestiaire-v15-greem-sha-l-independant-anti-fleaux	Greem’Sha — l’indépendant anti-Fléaux	0	
254	bestiaire-v15-figures-aux-singularites-mal-connues	Figures aux singularités mal connues	0	
255	bestiaire-v15-grande-orbe-de-sharith	Grande Orbe de Sharith	0	
256	bestiaire-v15-nacres-noires-de-vhadhi	Nacres noires de Vhadhi	0	
257	bestiaire-v15-nahfr-peau-de-tiamat-shaoggith	Nahfr — peau de Tiamat / Shaoggith	0	
258	bestiaire-v15-mue-de-rulfam	Mue de Rulfam	0	
259	bestiaire-v15-lance-de-longinus	Lance de Longinus	0	
260	bestiaire-v15-forge-grise-infrastructure-de-metastasismancie	Forge Grise — infrastructure de Métastasismancie	0	
261	bestiaire-v15-grenade-d-inertie-thu-9	Grenade d’Inertie THU-9	0	
